path	class	topic	superseded_by
docs/history/windows-hvf/t17-firmware-admission-and-install-cancellation-20261003.md	historical-evidence	windows-install-cleanup	-
docs/history/windows-hvf/t17-runtime-chooser-pilot-failure-20261003.md	historical-evidence	windows-runtime-chooser	-
docs/history/windows-hvf/t17-shared-chooser-budget-and-return-timing-20261003.md	historical-evidence	windows-runtime-chooser	-
docs/history/windows-hvf/t17-diagnostic-timing-required-check-failure-20261003.md	historical-evidence	windows-runtime-chooser	-
docs/history/windows-hvf/t17-native-chooser-timed-pilot-failure-20261003.md	historical-evidence	windows-runtime-chooser	-
docs/history/windows-hvf/t17-native-chooser-admission-repair-20261003.md	historical-evidence	windows-runtime-chooser	-
docs/history/windows-hvf/d10-owned-pair-queue-admission-20261003.md	historical-evidence	windows-owned-pair-preparation	-
docs/history/windows-hvf/t22-loader-admission-required-check-failure-20261003.md	historical-evidence	windows-owned-pair-preparation	-
docs/history/windows-hvf/t22-loader-admission-hosted-full-failure-20261003.md	historical-evidence	windows-owned-pair-preparation	-
